Date,Time,AirQuality,CO,Humidity,Temperature
2021-12-01,13:07:40.612026,86,47,61.00,30.80
2021-12-01,13:07:40.628009,85,46,61.00,30.80
2021-12-01,13:07:42.083012,82,51,61.00,30.80
2021-12-01,13:07:43.601984,85,50,61.00,30.80
2021-12-01,13:07:45.105018,81,50,61.00,30.80
2021-12-01,13:07:46.639817,86,47,61.00,30.80
2021-12-01,13:07:48.142726,81,49,61.00,30.80
2021-12-01,13:07:49.661586,84,51,61.00,30.80
2021-12-01,13:07:51.164441,82,50,61.00,30.80
2021-12-01,13:07:52.683405,84,51,61.00,30.80
2021-12-01,13:07:54.186277,86,47,61.00,30.80
2021-12-01,13:07:55.721160,84,51,61.00,30.80
2021-12-01,13:07:57.224041,84,51,61.00,30.90
2021-12-01,13:07:58.743068,85,50,61.00,30.90
2021-12-01,13:08:00.245948,86,48,61.00,30.90
2021-12-01,13:08:01.765013,84,51,61.00,30.90
2021-12-01,13:08:03.267905,84,50,61.00,30.90
2021-12-01,13:08:04.802822,83,51,61.00,30.90
2021-12-01,13:08:06.305597,83,49,61.00,30.90
2021-12-01,13:08:07.824768,84,46,61.00,30.90
2021-12-01,13:08:09.327485,86,46,61.00,30.90
2021-12-01,13:08:10.862224,85,46,61.00,30.90
2021-12-01,13:08:12.349360,86,48,61.00,30.90
2021-12-01,13:08:13.884074,85,46,61.00,30.90
2021-12-01,13:08:15.387034,82,51,61.00,30.90
2021-12-01,13:08:16.906164,82,48,61.00,30.90
2021-12-01,13:08:18.408986,84,50,61.00,30.90
2021-12-01,13:08:19.943828,86,49,61.00,30.90
2021-12-01,13:08:21.430828,81,50,61.00,30.90
2021-12-01,13:08:22.965674,83,51,61.00,30.90
2021-12-01,13:08:24.468765,85,46,61.00,30.90
2021-12-01,13:08:25.987580,86,47,61.00,30.90
2021-12-01,13:08:27.490485,83,48,61.00,30.90
2021-12-01,13:08:29.025294,84,46,61.00,30.90
2021-12-01,13:08:30.528222,83,51,61.00,30.90
2021-12-01,13:08:32.047253,85,46,61.00,30.90
2021-12-01,13:08:33.550454,82,49,61.00,30.90
2021-12-01,13:08:35.069600,84,48,61.00,30.90
2021-12-01,13:08:36.572348,85,46,61.00,30.90
2021-12-01,13:08:38.107073,82,51,61.00,30.90
2021-12-01,13:08:39.610104,85,46,61.00,30.90
2021-12-01,13:08:41.129199,86,46,61.00,30.90
2021-12-01,13:08:42.632950,85,48,60.00,30.90
2021-12-01,13:08:44.151053,84,47,60.00,30.90
2021-12-01,13:08:45.654218,82,49,60.00,30.90
2021-12-01,13:08:47.188675,83,46,60.00,30.90
2021-12-01,13:08:48.691599,83,49,60.00,30.90
2021-12-01,13:08:50.210794,85,45,60.00,30.90
2021-12-01,13:08:51.713623,81,50,60.00,30.90
2021-12-01,13:08:53.248268,84,46,60.00,30.90
2021-12-01,13:08:54.735738,81,50,60.00,30.90
2021-12-01,13:08:56.270253,82,47,60.00,30.90
2021-12-01,13:08:57.773142,83,51,60.00,30.90
2021-12-01,13:08:59.292173,85,50,60.00,30.90
2021-12-01,13:09:00.795054,84,46,60.00,30.90
2021-12-01,13:09:02.329817,81,50,60.00,30.90
2021-12-01,13:09:03.832732,83,48,60.00,30.90
2021-12-01,13:09:05.351925,84,46,60.00,30.90
2021-12-01,13:09:06.854776,85,46,60.00,30.90
2021-12-01,13:09:08.373745,82,50,60.00,30.90
2021-12-01,13:09:09.876730,84,50,60.00,30.90
2021-12-01,13:09:11.411532,83,48,60.00,30.90
2021-12-01,13:09:12.914461,85,47,60.00,30.90
2021-12-01,13:09:14.433489,85,45,60.00,30.90
2021-12-01,13:09:15.936359,85,47,60.00,30.90
2021-12-01,13:09:17.455280,81,48,60.00,30.90
2021-12-01,13:09:18.958157,81,50,60.00,30.90
2021-12-01,13:09:20.492887,84,49,60.00,30.90
2021-12-01,13:09:21.995716,81,50,60.00,30.90
2021-12-01,13:09:23.514710,81,49,60.00,30.90
2021-12-01,13:09:25.017636,84,50,60.00,30.90
2021-12-01,13:09:26.552521,82,48,60.00,30.90
2021-12-01,13:09:28.039587,85,46,60.00,30.90
2021-12-01,13:09:29.574306,84,50,60.00,30.90
2021-12-01,13:09:31.077271,83,48,60.00,30.90
2021-12-01,13:09:32.596386,83,47,60.00,30.90
2021-12-01,13:09:34.099113,81,50,60.00,30.90
2021-12-01,13:09:35.633899,85,48,60.00,30.90
2021-12-01,13:09:37.121137,83,47,60.00,30.90
2021-12-01,13:09:38.655855,81,48,60.00,30.90
2021-12-01,13:09:40.158841,83,48,60.00,30.80
2021-12-01,13:09:41.677866,82,50,60.00,30.80
2021-12-01,13:09:43.180749,84,47,60.00,30.80
2021-12-01,13:09:44.715507,85,46,60.00,30.80
2021-12-01,13:09:46.218530,82,48,60.00,30.80
2021-12-01,13:09:47.737431,84,50,60.00,30.80
2021-12-01,13:09:49.240366,85,48,60.00,30.80
2021-12-01,13:09:50.758985,85,48,60.00,30.80
2021-12-01,13:09:52.261885,85,48,60.00,30.80
2021-12-01,13:09:53.796761,81,50,60.00,30.80
2021-12-01,13:09:55.299709,84,48,60.00,30.80
2021-12-01,13:09:56.818619,85,46,60.00,30.80
2021-12-01,13:09:58.321595,81,50,60.00,30.80
2021-12-01,13:09:59.840757,85,46,60.00,30.80
2021-12-01,13:10:01.343577,85,48,60.00,30.80
2021-12-01,13:10:02.878369,81,49,60.00,30.80
2021-12-01,13:10:04.381260,85,46,60.00,30.80
2021-12-01,13:10:05.900266,84,50,60.00,30.80
2021-12-01,13:10:07.403075,81,51,60.00,30.80
2021-12-01,13:10:08.922121,83,50,60.00,30.80
2021-12-01,13:10:10.425011,84,48,60.00,30.80
2021-12-01,13:10:11.959821,83,48,60.00,30.80
2021-12-01,13:10:13.462741,83,50,60.00,30.80
2021-12-01,13:10:14.981728,84,50,60.00,30.80
2021-12-01,13:10:16.484847,85,46,60.00,30.80
2021-12-01,13:10:18.019629,84,47,60.00,30.80
2021-12-01,13:10:19.506733,85,46,60.00,30.80
2021-12-01,13:10:21.041510,84,48,60.00,30.80
2021-12-01,13:10:22.544399,84,48,60.00,30.80
2021-12-01,13:10:24.063384,83,50,60.00,30.80
2021-12-01,13:10:25.566291,82,50,60.00,30.80
2021-12-01,13:10:27.101100,84,48,60.00,30.80
2021-12-01,13:10:28.603990,85,46,60.00,30.80
2021-12-01,13:10:30.123099,82,50,60.00,30.80
2021-12-01,13:10:31.625994,81,51,60.00,30.80
2021-12-01,13:10:33.144931,81,50,60.00,30.80
2021-12-01,13:10:34.647942,84,48,60.00,30.80
2021-12-01,13:10:36.182688,83,47,60.00,30.80
2021-12-01,13:10:37.685559,80,49,60.00,30.80
2021-12-01,13:10:39.204601,83,48,60.00,30.80
2021-12-01,13:10:40.707564,84,50,60.00,30.80
2021-12-01,13:10:42.226536,83,50,60.00,30.80
2021-12-01,13:10:43.729491,81,51,60.00,30.80
2021-12-01,13:10:45.264272,81,49,60.00,30.80
2021-12-01,13:10:46.767209,81,50,60.00,30.80
2021-12-01,13:10:48.286269,85,48,60.00,30.80
2021-12-01,13:10:49.789181,81,50,60.00,30.80
2021-12-01,13:10:51.308156,83,50,60.00,30.80
2021-12-01,13:10:52.811091,83,46,60.00,30.80
2021-12-01,13:10:54.345951,84,49,60.00,30.80
2021-12-01,13:10:55.848859,82,51,60.00,30.80
2021-12-01,13:10:57.367805,84,49,60.00,30.80
2021-12-01,13:10:58.870797,81,50,60.00,30.80
2021-12-01,13:11:00.405441,82,50,60.00,30.80
2021-12-01,13:11:01.892583,80,50,60.00,30.80
2021-12-01,13:11:03.427335,84,46,60.00,30.80
2021-12-01,13:11:04.930287,85,48,60.00,30.70
2021-12-01,13:11:06.450416,85,46,60.00,30.70
2021-12-01,13:11:07.952226,81,49,60.00,30.80
2021-12-01,13:11:09.487095,84,46,60.00,30.80
2021-12-01,13:11:10.974178,82,50,60.00,30.80
2021-12-01,13:11:12.508910,82,50,60.00,30.80
2021-12-01,13:11:14.011881,82,47,60.00,30.80
2021-12-01,13:11:15.530858,81,50,60.00,30.80
2021-12-01,13:11:17.033819,81,49,60.00,30.80
2021-12-01,13:11:18.568675,82,50,60.00,30.80
2021-12-01,13:11:20.071544,80,50,60.00,30.80
2021-12-01,13:11:21.590498,82,50,60.00,30.80
2021-12-01,13:21:19.144135,84,46,59.00,31.30
2021-12-01,13:21:19.160092,84,50,59.00,31.30
2021-12-01,13:21:21.142672,82,46,59.00,31.30
2021-12-01,13:21:23.157361,83,45,59.00,31.30
2021-12-01,13:21:25.187915,82,50,59.00,31.30
2021-12-01,13:21:27.218487,82,50,59.00,31.30
2021-12-01,13:21:29.249124,81,49,59.00,31.30
2021-12-01,13:21:31.263771,83,46,59.00,31.30
2021-12-01,13:21:33.294408,84,50,59.00,31.30
2021-12-01,13:21:35.324937,82,50,59.00,31.30
2021-12-01,13:21:37.355555,84,50,59.00,31.30
2021-12-01,13:21:39.370351,84,47,59.00,31.30
2021-12-01,13:21:41.400933,85,50,59.00,31.30
2021-12-01,13:21:43.431466,85,48,59.00,31.30
2021-12-01,13:21:45.462115,82,46,59.00,31.30
2021-12-01,13:21:47.476960,81,47,59.00,31.30
2021-12-01,13:21:49.507515,85,48,59.00,31.30
2021-12-01,13:21:51.538093,83,50,59.00,31.30
2021-12-01,13:21:53.568762,84,46,59.00,31.30
2021-12-01,13:21:55.583641,82,50,59.00,31.30
2021-12-01,13:21:57.614371,81,47,59.00,31.30
2021-12-01,13:21:59.644952,84,51,59.00,31.30
2021-12-01,13:22:01.675564,85,48,59.00,31.30
2021-12-01,13:22:03.690437,81,48,59.00,31.30
2021-12-01,13:22:05.721306,84,51,59.00,31.30
2021-12-01,13:22:07.751871,82,50,59.00,31.30
2021-12-01,13:22:09.782551,85,50,59.00,31.20
2021-12-01,13:22:11.797386,83,46,59.00,31.20
2021-12-01,13:22:13.827978,81,49,59.00,31.20
2021-12-01,13:22:15.858613,81,49,59.00,31.20
2021-12-01,13:22:17.873442,85,48,59.00,31.20
2021-12-01,13:22:19.904101,83,51,59.00,31.20
2021-12-01,13:22:21.934808,84,51,59.00,31.20
2021-12-01,13:22:23.965602,83,48,59.00,31.20
2021-12-01,13:22:25.980349,84,51,59.00,31.20
2021-12-01,13:22:28.011018,85,47,59.00,31.20
2021-12-01,13:22:30.041633,84,46,59.00,31.20
2021-12-01,13:22:32.072283,84,46,59.00,31.20
2021-12-01,13:22:34.087067,82,50,59.00,31.20
2021-12-01,13:22:36.117683,86,49,59.00,31.20
2021-12-01,13:22:38.148379,86,48,59.00,31.20
2021-12-01,13:22:40.179069,85,46,59.00,31.20
2021-12-01,13:22:42.193812,85,51,59.00,31.20
2021-12-01,13:22:44.224459,83,50,59.00,31.20
2021-12-01,13:22:46.255060,81,49,59.00,31.20
2021-12-01,13:22:48.285717,85,51,59.00,31.10
2021-12-01,13:22:50.300549,84,51,59.00,31.10
2021-12-01,13:22:52.331035,86,48,59.00,31.10
2021-12-01,13:22:54.361683,83,47,59.00,31.10
2021-12-01,13:22:56.392258,82,49,59.00,31.10
2021-12-01,13:22:58.407027,82,48,59.00,31.10
2021-12-01,13:23:00.437669,84,47,59.00,31.10
2021-12-01,13:23:02.468284,84,46,59.00,31.10
2021-12-01,13:23:04.498789,84,46,59.00,31.10
2021-12-01,13:23:06.513798,81,48,59.00,31.10
2021-12-01,13:23:08.544270,83,51,59.00,31.10
2021-12-01,13:23:10.574740,85,46,59.00,31.10
2021-12-01,13:23:12.589468,86,49,59.00,31.10
2021-12-01,13:23:14.619853,82,49,59.00,31.10
2021-12-01,13:23:16.650293,84,51,59.00,31.10
2021-12-01,13:23:18.680706,84,51,59.00,31.10
2021-12-01,13:23:20.711148,83,48,59.00,31.10
2021-12-01,13:23:22.725771,82,50,59.00,31.10
2021-12-01,13:23:24.756328,83,51,59.00,31.10
2021-12-01,13:23:26.786794,86,51,59.00,31.10
2021-12-01,13:23:28.817424,84,47,59.00,31.10
2021-12-01,13:23:30.831843,86,50,59.00,31.10
2021-12-01,13:23:32.862366,85,51,59.00,31.10
2021-12-01,13:23:34.892958,85,46,59.00,31.10
2021-12-01,13:23:36.923365,82,50,59.00,31.00
2021-12-01,13:23:38.937954,86,48,59.00,31.00
2021-12-01,13:23:40.968468,85,47,60.00,31.00
2021-12-01,13:23:42.998909,83,48,60.00,31.00
2021-12-01,13:23:45.029308,85,47,60.00,31.00
2021-12-01,13:23:47.043858,85,47,60.00,31.00
2021-12-01,13:23:49.074747,86,48,60.00,31.00
2021-12-01,13:23:51.104879,86,49,60.00,31.00
2021-12-01,13:23:53.119547,83,51,60.00,31.00
2021-12-01,13:23:55.149982,85,52,60.00,31.00
2021-12-01,13:23:57.180476,83,50,60.00,31.00
2021-12-01,13:23:59.210931,86,48,60.00,31.00
2021-12-01,13:24:01.225622,85,52,60.00,31.00
2021-12-01,13:24:03.256155,86,47,60.00,31.00
2021-12-01,13:24:05.286742,84,51,60.00,30.90
2021-12-01,13:24:07.317309,84,48,60.00,30.90
2021-12-01,13:24:09.331845,82,50,60.00,30.90
2021-12-01,13:24:11.362348,83,51,60.00,30.90
2021-12-01,13:24:13.392782,84,52,60.00,30.90
2021-12-01,13:24:15.423270,86,51,60.00,30.90
2021-12-01,13:24:17.437738,85,52,60.00,30.80
2021-12-01,13:24:19.468166,84,52,60.00,30.80
2021-12-01,13:24:21.498533,87,49,60.00,30.80
2021-12-01,13:24:23.528808,85,47,60.00,30.80
2021-12-01,13:24:25.543436,84,52,60.00,30.80
2021-12-01,13:24:27.573982,87,51,60.00,30.80
2021-12-01,13:24:29.604539,85,47,60.00,30.80
2021-12-01,13:24:31.634927,87,48,60.00,30.80
2021-12-01,13:24:33.649589,83,50,60.00,30.80
2021-12-01,13:24:35.679993,83,52,60.00,30.80
2021-12-01,13:24:37.710358,85,52,60.00,30.80
2021-12-01,13:24:39.740663,85,52,60.00,30.80
2021-12-01,13:24:41.755271,83,51,60.00,30.80
2021-12-01,13:24:43.785597,83,52,60.00,30.80
2021-12-01,13:24:45.815755,85,48,60.00,30.80
2021-12-01,13:24:47.846035,87,47,60.00,30.80
2021-12-01,13:24:49.860427,86,51,60.00,30.80
2021-12-01,13:24:51.890776,86,52,60.00,30.80
2021-12-01,13:24:53.921092,84,52,60.00,30.70
2021-12-01,13:24:55.951056,85,49,60.00,30.80
2021-12-01,13:24:57.965323,85,52,60.00,30.80
2021-12-01,13:24:59.995521,85,49,60.00,30.70
2021-12-01,13:25:02.025783,85,52,60.00,30.70
2021-12-01,13:25:04.056177,87,47,60.00,30.70
2021-12-01,13:25:06.070666,87,48,60.00,30.70
2021-12-01,13:25:08.100757,83,52,60.00,30.70
2021-12-01,13:25:10.130948,85,50,60.00,30.70
2021-12-01,13:25:12.161131,86,51,60.00,30.70
2021-12-01,13:25:14.191382,87,48,60.00,30.70
2021-12-01,13:25:16.205805,86,48,60.00,30.70
2021-12-01,13:25:18.235961,86,49,60.00,30.70
2021-12-01,13:25:20.266318,83,51,60.00,30.70
2021-12-01,13:25:22.296504,86,49,60.00,30.70
2021-12-01,13:25:24.311088,87,47,61.00,30.60
2021-12-01,13:25:26.341218,85,52,61.00,30.60
2021-12-01,13:25:28.371247,85,50,61.00,30.70
2021-12-01,13:25:30.401391,87,51,61.00,30.70
2021-12-01,13:25:32.415747,86,49,61.00,30.70
2021-12-01,13:25:34.445879,86,52,61.00,30.60
2021-12-01,13:25:36.475928,87,47,61.00,30.70
2021-12-01,13:25:38.506219,87,47,61.00,30.70
2021-12-01,13:25:40.520894,87,48,61.00,30.60
2021-12-01,13:25:42.551628,86,50,61.00,30.60
2021-12-01,13:25:44.582125,86,50,61.00,30.60
2021-12-01,13:25:46.612575,84,53,61.00,30.60
2021-12-01,13:25:48.627248,86,51,61.00,30.60
2021-12-01,13:25:50.657767,86,51,61.00,30.60
2021-12-01,13:25:52.688045,86,49,61.00,30.60
2021-12-01,13:25:54.718516,87,49,61.00,30.60
2021-12-01,13:25:56.733235,87,49,61.00,30.60
2021-12-01,13:25:58.763555,85,50,61.00,30.60
2021-12-01,13:26:00.794086,85,51,61.00,30.60
2021-12-01,13:26:02.824568,87,47,61.00,30.60
2021-12-01,13:26:04.839276,87,49,61.00,30.60
2021-12-01,13:26:06.869720,87,47,61.00,30.60
2021-12-01,13:26:08.900187,87,48,61.00,30.60
2021-12-01,13:26:10.930563,86,51,61.00,30.60
2021-12-01,13:26:12.945126,87,48,61.00,30.60
2021-12-01,13:26:14.975421,85,52,61.00,30.60
2021-12-01,13:26:17.005981,85,51,61.00,30.60
2021-12-01,13:26:19.036675,87,48,61.00,30.60
2021-12-01,13:26:21.051489,87,49,61.00,30.60
2021-12-01,13:26:23.082114,87,50,61.00,30.60
2021-12-01,13:26:25.112583,84,52,61.00,30.60
2021-12-01,13:26:27.143061,87,49,61.00,30.60
2021-12-01,13:26:29.157715,86,52,61.00,30.60
2021-12-01,13:26:31.188189,84,53,61.00,30.60
2021-12-01,13:26:33.218721,87,50,61.00,30.60
2021-12-01,13:26:35.249150,87,49,61.00,30.60
2021-12-01,13:26:37.263751,86,51,61.00,30.60
2021-12-01,13:26:39.294315,86,52,61.00,30.50
2021-12-01,13:26:41.324750,88,48,61.00,30.50
2021-12-01,13:26:43.355314,88,48,61.00,30.50
2021-12-01,13:26:45.369827,85,52,61.00,30.50
2021-12-01,13:26:47.400360,88,49,61.00,30.50
2021-12-01,13:26:49.430887,88,48,61.00,30.50
2021-12-01,13:26:51.461367,87,50,61.00,30.50
2021-12-01,13:26:53.476064,88,47,61.00,30.50
2021-12-01,13:26:55.506544,88,48,61.00,30.50
2021-12-01,13:26:57.537123,85,52,61.00,30.50
2021-12-01,13:26:59.551710,87,50,61.00,30.50
2021-12-01,13:27:01.582189,84,52,61.00,30.50
2021-12-01,13:27:03.612762,88,49,61.00,30.50
2021-12-01,13:27:05.643119,85,53,61.00,30.50
2021-12-01,13:27:07.657522,88,48,61.00,30.50
2021-12-01,13:27:09.687922,88,48,61.00,30.50
2021-12-01,13:27:11.718364,87,50,61.00,30.50
2021-12-01,13:27:13.748747,87,50,61.00,30.50
2021-12-01,13:27:15.763295,88,48,61.00,30.50
2021-12-01,13:27:17.793800,86,51,61.00,30.50
2021-12-01,13:27:19.824331,88,48,61.00,30.50
2021-12-01,13:27:21.854759,84,53,61.00,30.50
2021-12-01,13:27:23.869195,87,50,62.00,30.50
2021-12-01,13:27:25.899817,84,53,62.00,30.50
2021-12-01,13:27:27.930315,87,50,62.00,30.50
2021-12-01,13:27:29.960964,87,50,62.00,30.50
2021-12-01,13:27:31.975690,85,52,62.00,30.50
2021-12-01,13:27:34.006190,88,48,62.00,30.50
2021-12-01,13:27:36.036735,84,53,62.00,30.50
2021-12-01,13:27:38.067358,89,49,62.00,30.50
2021-12-01,13:27:40.082304,84,53,62.00,30.50
2021-12-01,13:27:42.113203,88,48,62.00,30.50
2021-12-01,13:27:44.143977,88,48,62.00,30.50
2021-12-01,13:27:46.174891,85,53,62.00,30.50
2021-12-01,13:27:48.189728,84,53,62.00,30.50
2021-12-01,13:27:50.220462,85,53,62.00,30.50
2021-12-01,13:27:52.251331,86,52,62.00,30.50
2021-12-01,13:27:54.266034,84,53,62.00,30.50
2021-12-01,13:27:56.296830,87,52,62.00,30.50
2021-12-01,13:27:58.327427,87,50,62.00,30.50
2021-12-01,13:28:00.358227,86,51,62.00,30.50
2021-12-01,13:28:02.373058,84,53,62.00,30.40
2021-12-01,13:28:04.403716,89,48,62.00,30.40
2021-12-01,13:28:06.434354,84,53,62.00,30.40
2021-12-01,13:28:08.465086,88,51,62.00,30.40
2021-12-01,13:28:10.479970,89,48,62.00,30.40
2021-12-01,13:28:12.510715,88,49,62.00,30.40
2021-12-01,13:28:14.541408,89,48,62.00,30.40
2021-12-01,13:28:16.556289,87,49,62.00,30.40
2021-12-01,13:28:18.587008,89,48,62.00,30.40
2021-12-01,13:28:20.617700,84,53,62.00,30.40
2021-12-01,13:28:22.648549,87,51,62.00,30.40
2021-12-01,13:28:24.663260,88,49,62.00,30.40
2021-12-01,13:28:26.693935,87,52,62.00,30.40
2021-12-01,13:28:28.724644,85,52,62.00,30.40
2021-12-01,13:28:30.755350,84,53,62.00,30.40
2021-12-01,13:28:32.770013,89,48,62.00,30.40
2021-12-01,13:28:34.800672,89,48,62.00,30.40
2021-12-01,13:28:36.831261,85,52,62.00,30.40
2021-12-01,13:28:38.861931,87,50,62.00,30.40
2021-12-01,13:28:40.876661,88,49,62.00,30.40
2021-12-01,13:28:42.907142,88,48,62.00,30.40
2021-12-01,13:28:44.937539,88,49,62.00,30.40
2021-12-01,13:28:46.952014,84,53,62.00,30.40
2021-12-01,13:28:48.982478,84,53,62.00,30.40
2021-12-01,13:28:51.012995,87,51,62.00,30.40
2021-12-01,13:28:53.043636,85,52,62.00,30.40
2021-12-01,13:28:55.058382,87,51,62.00,30.40
2021-12-01,13:28:57.088893,86,52,62.00,30.40
2021-12-01,13:28:59.119430,88,50,62.00,30.40
2021-12-01,13:29:01.150071,86,52,62.00,30.40
2021-12-01,13:29:03.164703,88,50,62.00,30.40
2021-12-01,13:29:05.195245,85,53,62.00,30.40
2021-12-01,13:29:07.225813,87,51,62.00,30.40
2021-12-01,13:29:09.256404,88,49,62.00,30.40
2021-12-01,13:29:11.270924,86,52,62.00,30.40
2021-12-01,13:29:13.301505,85,53,62.00,30.40
2021-12-01,13:29:15.331925,89,48,62.00,30.40
2021-12-01,13:29:17.362470,87,52,62.00,30.40
2021-12-01,13:29:19.377242,89,48,62.00,30.30
2021-12-01,13:29:21.407799,85,53,62.00,30.30
2021-12-01,13:29:23.438389,89,51,62.00,30.30
2021-12-01,13:29:25.469010,89,48,62.00,30.30
2021-12-01,13:29:27.483627,85,53,62.00,30.30
2021-12-01,13:29:29.514204,85,53,62.00,30.30
2021-12-01,13:29:31.544726,89,48,62.00,30.30
2021-12-01,13:29:33.575418,88,50,62.00,30.30
2021-12-01,13:29:35.590355,85,53,62.00,30.30
2021-12-01,13:29:37.621124,85,53,62.00,30.30
2021-12-01,13:29:39.651863,86,52,62.00,30.30
2021-12-01,13:29:41.666677,88,49,62.00,30.30
2021-12-01,13:29:43.697377,84,53,62.00,30.30
2021-12-01,13:29:45.727901,87,51,62.00,30.30
2021-12-01,13:29:47.758622,89,49,62.00,30.30
2021-12-01,13:29:49.773362,85,53,62.00,30.30
2021-12-01,13:29:51.804016,87,52,62.00,30.30
2021-12-01,13:29:53.834752,89,49,62.00,30.30
2021-12-01,13:29:55.865347,89,48,62.00,30.30
2021-12-01,13:29:57.880049,87,51,62.00,30.30
2021-12-01,13:29:59.910735,88,50,62.00,30.30
2021-12-01,13:30:01.941493,84,53,62.00,30.30
2021-12-01,13:30:03.972178,89,48,62.00,30.30
2021-12-01,13:30:05.986974,85,53,62.00,30.30
2021-12-01,13:30:08.017622,84,53,62.00,30.30
2021-12-01,13:30:10.048330,86,53,62.00,30.30
2021-12-01,13:30:12.078952,85,53,62.00,30.30
2021-12-01,13:30:14.093692,89,48,62.00,30.30
2021-12-01,13:30:16.124261,88,49,62.00,30.30
2021-12-01,13:30:18.154828,88,49,62.00,30.30
2021-12-01,13:30:20.185465,88,50,62.00,30.30
2021-12-01,13:30:22.200364,85,53,62.00,30.30
2021-12-01,13:30:24.230972,89,48,62.00,30.30
2021-12-01,13:30:26.261715,89,48,62.00,30.30
2021-12-01,13:30:28.292390,85,53,62.00,30.30
2021-12-01,13:30:30.307186,89,50,62.00,30.20
2021-12-01,13:30:32.337763,84,53,62.00,30.30
2021-12-01,13:30:34.368503,89,48,62.00,30.30
2021-12-01,13:30:36.399387,85,53,62.00,30.30
2021-12-01,13:30:38.414244,89,49,62.00,30.20
2021-12-01,13:30:40.444972,87,51,62.00,30.20
2021-12-01,13:30:42.475685,88,51,62.00,30.20
2021-12-01,13:30:44.506275,88,49,62.00,30.20
2021-12-01,13:30:46.521123,88,51,62.00,30.20
2021-12-01,13:30:48.551730,89,48,62.00,30.20
2021-12-01,13:30:50.582445,86,52,62.00,30.20
2021-12-01,13:30:52.597179,89,48,62.00,30.20
2021-12-01,13:30:54.627710,88,49,62.00,30.20
2021-12-01,13:30:56.658048,85,52,62.00,30.20
2021-12-01,13:30:58.688437,89,48,62.00,30.20
2021-12-01,13:31:00.703023,89,48,62.00,30.20
2021-12-01,13:31:02.733640,85,53,62.00,30.20
2021-12-01,13:31:04.764341,88,51,62.00,30.20
2021-12-01,13:31:06.795036,84,53,62.00,30.20
2021-12-01,13:31:08.809915,89,48,62.00,30.20
2021-12-01,13:31:10.840501,85,53,62.00,30.20
2021-12-01,13:31:12.871249,85,53,62.00,30.20
2021-12-01,13:31:14.901868,86,53,62.00,30.30
2021-12-01,13:31:16.916570,84,53,62.00,30.20
2021-12-01,13:31:18.947252,89,51,62.00,30.20
2021-12-01,13:31:20.977862,89,52,62.00,30.30
2021-12-01,13:31:23.008553,89,53,62.00,30.30
2021-12-01,13:31:25.023316,87,48,62.00,30.30
2021-12-01,13:31:27.053983,88,53,62.00,30.30
2021-12-01,13:31:29.084587,89,52,62.00,30.30
2021-12-01,13:31:31.115179,84,53,62.00,30.30
2021-12-01,13:31:33.130064,84,53,62.00,30.30
2021-12-01,13:31:35.160743,88,53,62.00,30.30
2021-12-01,13:31:37.191318,84,53,62.00,30.30
2021-12-01,13:31:39.222000,89,51,62.00,30.30
2021-12-01,13:31:41.236814,89,53,62.00,30.30
2021-12-01,13:31:43.267384,88,49,62.00,30.30
2021-12-01,13:31:45.298019,85,50,62.00,30.30
2021-12-01,13:31:47.328725,85,53,62.00,30.30
2021-12-01,13:31:49.343351,85,50,62.00,30.20
2021-12-01,13:31:51.374000,85,53,62.00,30.30
2021-12-01,13:31:53.404505,84,50,62.00,30.20
2021-12-01,13:31:55.435108,88,48,62.00,30.20
2021-12-01,13:31:57.449714,87,48,62.00,30.20
2021-12-01,13:31:59.480297,84,52,62.00,30.20
2021-12-01,13:32:01.510977,88,53,62.00,30.20
2021-12-01,13:32:03.541547,88,48,62.00,30.20
2021-12-01,13:32:05.556313,85,54,62.00,30.20
2021-12-01,13:32:07.587010,85,53,62.00,30.20
2021-12-01,13:32:09.617643,88,54,62.00,30.20
2021-12-01,13:32:11.632406,86,48,62.00,30.20
2021-12-01,13:32:13.663058,86,49,62.00,30.20
2021-12-01,13:32:15.693704,86,54,62.00,30.20
2021-12-01,13:32:17.724285,87,50,62.00,30.20
2021-12-01,13:32:19.738994,86,53,62.00,30.20
2021-12-01,13:32:21.769601,89,53,62.00,30.20
2021-12-01,13:32:23.800116,87,48,62.00,30.30
2021-12-01,13:32:25.830746,87,49,62.00,30.20
2021-12-01,13:32:27.845645,85,50,62.00,30.20
2021-12-01,13:32:29.876265,88,50,62.00,30.20
2021-12-01,13:32:31.906939,89,53,62.00,30.20
2021-12-01,13:32:33.937597,86,51,62.00,30.20
2021-12-01,13:32:35.952229,88,49,62.00,30.20
2021-12-01,13:32:37.982952,84,54,62.00,30.20
2021-12-01,13:32:40.013517,89,52,62.00,30.20
2021-12-01,13:32:42.044134,85,53,62.00,30.20
2021-12-01,13:32:44.058946,87,53,62.00,30.20
2021-12-01,13:32:46.089570,86,53,62.00,30.20
2021-12-01,13:32:48.120043,87,49,62.00,30.20
2021-12-01,13:32:50.150725,85,51,62.00,30.20
2021-12-01,13:32:52.165423,89,48,62.00,30.20
2021-12-01,13:32:54.196026,85,53,62.00,30.20
2021-12-01,13:32:56.226647,89,48,62.00,30.20
2021-12-01,13:32:58.257296,85,53,62.00,30.20
2021-12-01,13:33:00.272268,88,49,62.00,30.20
2021-12-01,13:33:02.302879,88,52,62.00,30.20
2021-12-01,13:33:04.333497,88,52,62.00,30.20
2021-12-01,13:33:06.348300,88,48,62.00,30.20
2021-12-01,13:33:08.378944,85,52,62.00,30.20
2021-12-01,13:33:10.409686,85,53,62.00,30.20
2021-12-01,13:33:12.440354,88,51,62.00,30.20
2021-12-01,13:33:14.455108,87,48,62.00,30.20
2021-12-01,13:33:16.485710,87,50,62.00,30.20
2021-12-01,13:33:18.516234,86,50,62.00,30.20
2021-12-01,13:33:20.546957,89,50,62.00,30.20
2021-12-01,13:33:22.561712,89,49,62.00,30.20
2021-12-01,13:33:24.592314,89,50,62.00,30.20
2021-12-01,13:33:26.622956,84,52,62.00,30.20
2021-12-01,13:33:28.653580,89,50,62.00,30.20
2021-12-01,13:33:30.668310,88,50,62.00,30.20
2021-12-01,13:33:32.698919,89,50,62.00,30.20
2021-12-01,13:33:34.729563,88,48,62.00,30.20
2021-12-01,13:33:36.760265,89,51,62.00,30.20
2021-12-01,13:33:38.774930,89,51,62.00,30.20
2021-12-01,13:33:40.805631,85,53,62.00,30.20
2021-12-01,13:33:42.836369,89,49,62.00,30.20
2021-12-01,13:33:44.866840,85,52,62.00,30.20
2021-12-01,13:33:46.881699,85,54,62.00,30.20
2021-12-01,13:33:48.912392,85,53,62.00,30.20
2021-12-01,13:33:50.943035,89,49,62.00,30.20
2021-12-01,13:33:52.973780,86,52,62.00,30.20
2021-12-01,13:33:54.988595,89,53,62.00,30.20
2021-12-01,13:33:57.019241,84,54,62.00,30.20
2021-12-01,13:33:59.049849,89,49,62.00,30.20
2021-12-01,13:34:01.064640,86,51,63.00,30.20
2021-12-01,13:34:03.095285,84,54,62.00,30.20
2021-12-01,13:34:05.125977,86,53,63.00,30.20
2021-12-01,13:34:07.156646,89,51,63.00,30.20
2021-12-01,13:34:09.171369,88,53,63.00,30.20
2021-12-01,13:34:11.202035,89,51,63.00,30.20
2021-12-01,13:34:13.232557,85,53,63.00,30.20
2021-12-01,13:34:15.263324,88,54,63.00,30.20
2021-12-01,13:34:17.278100,87,51,63.00,30.20
2021-12-01,13:34:19.308828,88,49,63.00,30.20
2021-12-01,13:34:21.339398,87,50,63.00,30.20
2021-12-01,13:34:23.370041,86,53,63.00,30.20
2021-12-01,13:34:25.384798,89,50,63.00,30.20
2021-12-01,13:34:27.415476,89,53,63.00,30.20
2021-12-01,13:34:29.446136,89,49,63.00,30.20
2021-12-01,13:34:31.476815,89,49,63.00,30.20
2021-12-01,13:34:33.491702,86,53,63.00,30.20
2021-12-01,13:34:35.522374,87,52,63.00,30.20
2021-12-01,13:34:37.552954,89,52,63.00,30.20
2021-12-01,13:34:39.583615,86,54,63.00,30.20
2021-12-01,13:34:41.598281,86,53,63.00,30.20
2021-12-01,13:34:43.628909,89,52,63.00,30.20
2021-12-01,13:34:45.659471,85,54,63.00,30.20
2021-12-01,13:34:47.689991,88,54,63.00,30.20
2021-12-01,13:34:49.704757,87,48,63.00,30.20
2021-12-01,13:34:51.735376,89,52,63.00,30.20
2021-12-01,13:34:53.765986,89,51,63.00,30.20
2021-12-01,13:34:55.796542,89,52,63.00,30.20
2021-12-01,13:34:57.811262,86,54,63.00,30.20
2021-12-01,13:34:59.841788,86,52,63.00,30.20
2021-12-01,13:35:01.872410,89,51,63.00,30.20
2021-12-01,13:35:03.902869,86,52,63.00,30.20
2021-12-01,13:35:05.917602,87,50,63.00,30.20
2021-12-01,13:35:07.948178,89,49,63.00,30.20
2021-12-01,13:35:09.978822,85,50,63.00,30.10
2021-12-01,13:35:12.009452,86,52,63.00,30.20
2021-12-01,13:35:14.024275,89,52,63.00,30.20
2021-12-01,13:35:16.054935,89,52,63.00,30.20
2021-12-01,13:35:18.085587,88,51,63.00,30.20
2021-12-01,13:35:20.116237,89,50,63.00,30.10
2021-12-01,13:35:22.131052,89,52,63.00,30.20
2021-12-01,13:35:24.161681,86,53,63.00,30.20
2021-12-01,13:35:26.192561,88,51,63.00,30.20
2021-12-01,13:35:28.223126,89,49,63.00,30.20
2021-12-01,13:35:30.238044,86,50,63.00,30.20
2021-12-01,13:35:32.268667,86,51,63.00,30.20
2021-12-01,13:35:34.298861,86,54,63.00,30.20
2021-12-01,13:35:36.329155,85,54,63.00,30.20
2021-12-01,13:35:38.343635,87,54,63.00,30.10
2021-12-01,13:35:40.373826,88,53,63.00,30.10
2021-12-01,13:35:42.404154,89,52,63.00,30.10
2021-12-01,13:35:44.434465,85,54,63.00,30.20
2021-12-01,13:35:46.448982,88,52,63.00,30.20
2021-12-01,13:35:48.479343,86,54,63.00,30.10
2021-12-01,13:35:50.509644,90,49,63.00,30.10
2021-12-01,13:35:52.524101,85,53,63.00,30.10
2021-12-01,13:35:54.554447,86,54,63.00,30.10
2021-12-01,13:35:56.584735,88,49,63.00,30.20
2021-12-01,13:35:58.615086,87,48,63.00,30.10
2021-12-01,13:36:00.629545,87,53,63.00,30.10
2021-12-01,13:36:02.659806,85,54,63.00,30.10
2021-12-01,13:36:04.690214,89,49,63.00,30.10
2021-12-01,13:36:06.720623,89,49,63.00,30.10
2021-12-01,13:36:08.735096,85,54,63.00,30.10
2021-12-01,13:36:10.765410,89,53,63.00,30.10
2021-12-01,13:36:12.795904,85,53,63.00,30.10
2021-12-01,13:36:14.826220,89,53,63.00,30.10
2021-12-01,13:36:16.840549,88,53,63.00,30.10
2021-12-01,13:36:18.870860,89,52,63.00,30.20
2021-12-01,13:36:20.901160,88,53,63.00,30.10
2021-12-01,13:36:22.931389,86,52,63.00,30.20
2021-12-01,13:36:24.945860,87,54,63.00,30.20
2021-12-01,13:36:26.976156,86,53,63.00,30.20
2021-12-01,13:36:29.006622,89,51,63.00,30.10
2021-12-01,13:36:31.037076,85,54,63.00,30.10
2021-12-01,13:36:33.051469,87,51,63.00,30.20
2021-12-01,13:36:35.081787,89,49,63.00,30.20
2021-12-01,13:36:37.112066,89,50,63.00,30.20
2021-12-01,13:36:39.142253,88,49,63.00,30.20
2021-12-01,13:36:41.156898,89,51,63.00,30.20
2021-12-01,13:36:43.187225,89,50,63.00,30.20
2021-12-01,13:36:45.217552,86,54,63.00,30.20
2021-12-01,13:36:47.247703,89,50,63.00,30.20
2021-12-01,13:36:49.261992,86,52,63.00,30.20
2021-12-01,13:36:51.291965,86,52,63.00,30.20
2021-12-01,13:36:53.322079,85,50,63.00,30.20
2021-12-01,13:36:55.352292,89,53,63.00,30.10
2021-12-01,13:36:57.366710,85,52,63.00,30.20
2021-12-01,13:36:59.397131,85,54,63.00,30.20
2021-12-01,13:37:01.427397,88,49,63.00,30.20
2021-12-01,13:37:03.457834,89,49,63.00,30.20
2021-12-01,13:37:05.472286,86,52,63.00,30.10
2021-12-01,13:37:07.502655,89,49,63.00,30.10
2021-12-01,13:37:09.533028,85,52,63.00,30.10
2021-12-01,13:37:11.563387,89,53,63.00,30.10
2021-12-01,13:37:13.577987,85,54,63.00,30.20
2021-12-01,13:37:15.608360,85,54,63.00,30.20
2021-12-01,13:37:17.638674,89,52,63.00,30.20
2021-12-01,13:37:19.669089,89,50,63.00,30.10
2021-12-01,13:37:21.683443,87,51,63.00,30.10
2021-12-01,13:37:23.713861,86,53,63.00,30.10
2021-12-01,13:37:25.744224,87,53,63.00,30.10
2021-12-01,13:37:27.774612,85,54,63.00,30.10
2021-12-01,13:37:29.789074,88,50,63.00,30.10
2021-12-01,13:37:31.819499,88,51,63.00,30.20
2021-12-01,13:37:33.849701,85,54,63.00,30.20
2021-12-01,13:37:35.879806,84,53,63.00,30.10
2021-12-01,13:37:37.894203,87,53,63.00,30.10
2021-12-01,13:37:39.924609,85,53,63.00,30.10
2021-12-01,13:37:41.955141,89,49,63.00,30.10
2021-12-01,13:37:43.985540,89,51,63.00,30.20
2021-12-01,13:37:46.000480,85,53,63.00,30.10
2021-12-01,13:37:48.030355,89,49,63.00,30.20
2021-12-01,13:37:50.060704,86,54,63.00,30.10
2021-12-01,13:37:52.091202,89,52,63.00,30.10
2021-12-01,13:37:54.105728,85,54,63.00,30.10
2021-12-01,13:37:56.136117,85,52,63.00,30.10
2021-12-01,13:37:58.166327,87,53,63.00,30.10
2021-12-01,13:38:00.196189,89,50,63.00,30.20
2021-12-01,13:38:02.210442,85,53,63.00,30.10
2021-12-01,13:38:04.240841,88,52,63.00,30.10
2021-12-01,13:38:06.271214,87,50,63.00,30.10
2021-12-01,13:38:08.301492,87,49,63.00,30.20
2021-12-01,13:38:10.316109,87,53,63.00,30.20
2021-12-01,13:38:12.346419,84,52,63.00,30.10
2021-12-01,13:38:14.376487,84,53,63.00,30.20
2021-12-01,13:38:16.406664,84,53,63.00,30.20
2021-12-01,13:38:18.421291,84,53,63.00,30.10
2021-12-01,13:38:20.451552,84,53,63.00,30.10
2021-12-01,13:38:22.481886,88,48,63.00,30.20
2021-12-01,13:38:24.512220,85,53,63.00,30.20
2021-12-01,13:38:26.526633,85,51,63.00,30.20
2021-12-01,13:38:28.556859,87,52,63.00,30.20
2021-12-01,13:38:30.587297,84,53,63.00,30.20
2021-12-01,13:38:32.617647,85,53,63.00,30.20
2021-12-01,13:38:34.632316,85,52,63.00,30.20
2021-12-01,13:38:36.662677,87,48,63.00,30.20
2021-12-01,13:38:38.692776,87,48,63.00,30.20
2021-12-01,13:38:40.723054,87,51,63.00,30.20
2021-12-01,13:38:42.737246,84,51,63.00,30.20
2021-12-01,13:38:44.767189,84,53,63.00,30.30
2021-12-01,13:38:46.797431,83,53,63.00,30.20
2021-12-01,13:38:48.827869,84,53,63.00,30.30
2021-12-01,13:38:50.842343,84,52,63.00,30.30
2021-12-01,13:38:52.872720,83,52,63.00,30.30
2021-12-01,13:38:54.902768,87,49,63.00,30.30
2021-12-01,13:38:56.933115,87,48,63.00,30.30
2021-12-01,13:38:58.947530,87,50,63.00,30.30
2021-12-01,13:39:00.977841,83,53,63.00,30.30
2021-12-01,13:39:03.008300,88,48,63.00,30.30
2021-12-01,13:39:05.038524,86,50,63.00,30.30
2021-12-01,13:39:07.052853,87,49,63.00,30.30
2021-12-01,13:39:09.083018,85,50,63.00,30.30
2021-12-01,13:39:11.113184,84,53,63.00,30.30
2021-12-01,13:39:13.143374,83,52,63.00,30.30
2021-12-01,13:39:15.157808,87,48,63.00,30.30
2021-12-01,13:39:17.187954,84,53,63.00,30.30
2021-12-01,13:39:19.218113,84,52,63.00,30.30
2021-12-01,13:39:21.248146,86,53,63.00,30.30
2021-12-01,13:39:23.262538,84,53,63.00,30.30
2021-12-01,13:39:25.292626,85,53,63.00,30.30
2021-12-01,13:39:27.322941,83,51,63.00,30.30
2021-12-01,13:39:29.353192,87,50,63.00,30.40
2021-12-01,13:39:31.367643,87,48,63.00,30.40
2021-12-01,13:39:33.397819,87,48,63.00,30.40
2021-12-01,13:39:35.428002,86,53,63.00,30.40
2021-12-01,13:39:37.458427,85,48,63.00,30.40
2021-12-01,13:39:39.472882,86,53,63.00,30.40
2021-12-01,13:39:41.503230,83,52,63.00,30.40
2021-12-01,13:39:43.533286,86,53,63.00,30.40
2021-12-01,13:39:45.563700,84,52,63.00,30.40
2021-12-01,13:39:47.578135,88,53,63.00,30.40
2021-12-01,13:39:49.608395,87,48,63.00,30.40
2021-12-01,13:39:51.638474,88,50,63.00,30.40
2021-12-01,13:39:53.668682,87,51,63.00,30.40
2021-12-01,13:39:55.682936,85,53,63.00,30.40
2021-12-01,13:39:57.713202,87,49,63.00,30.40
2021-12-01,13:39:59.743449,88,51,63.00,30.40
2021-12-01,13:40:01.773772,85,49,63.00,30.50
2021-12-01,13:40:03.788019,86,53,63.00,30.50
2021-12-01,13:40:05.818369,88,49,63.00,30.50
2021-12-01,13:40:07.848774,88,52,63.00,30.50
2021-12-01,13:40:09.879068,83,50,63.00,30.50
2021-12-01,13:40:11.893694,84,52,63.00,30.50
2021-12-01,13:40:13.924133,84,52,64.00,30.50
2021-12-01,13:40:15.954606,83,52,64.00,30.50
2021-12-01,13:40:17.984926,84,50,64.00,30.50
2021-12-01,13:40:19.999384,85,53,64.00,30.50
2021-12-01,13:40:22.029666,86,53,64.00,30.50
2021-12-01,13:40:24.060017,88,52,64.00,30.50
2021-12-01,13:40:26.090283,86,49,64.00,30.50
2021-12-01,13:40:28.104863,85,52,64.00,30.50
2021-12-01,13:40:30.135239,84,50,64.00,30.50
2021-12-01,13:40:32.165649,84,52,64.00,30.50
2021-12-01,13:40:34.180239,86,48,64.00,30.60
2021-12-01,13:40:36.210583,86,53,64.00,30.60
2021-12-01,13:40:38.240943,84,52,64.00,30.60
2021-12-01,13:40:40.271205,88,51,64.00,30.60
2021-12-01,13:40:42.285675,85,48,64.00,30.60
2021-12-01,13:40:44.316118,88,52,64.00,30.60
2021-12-01,13:40:46.346306,84,49,64.00,30.60
2021-12-01,13:40:48.376785,86,53,64.00,30.60
2021-12-01,13:40:50.391366,86,52,64.00,30.60
2021-12-01,13:40:52.421758,84,51,64.00,30.60
2021-12-01,13:40:54.452112,88,53,64.00,30.60
2021-12-01,13:40:56.466838,86,48,64.00,30.60
2021-12-01,13:40:58.497266,86,54,64.00,30.60
2021-12-01,13:41:00.527633,84,52,64.00,30.60
2021-12-01,13:41:02.557947,85,49,64.00,30.60
2021-12-01,13:41:04.572448,88,53,64.00,30.60
2021-12-01,13:41:06.602733,88,50,64.00,30.60
2021-12-01,13:41:08.632912,88,49,64.00,30.60
2021-12-01,13:41:10.663263,88,53,64.00,30.60
2021-12-01,13:41:12.677788,85,51,64.00,30.60
2021-12-01,13:41:14.708057,88,53,64.00,30.60
2021-12-01,13:41:16.738186,85,52,64.00,30.60
2021-12-01,13:41:18.768358,88,53,64.00,30.60
2021-12-01,13:41:20.782816,88,51,64.00,30.60
2021-12-01,13:41:22.813320,84,50,64.00,30.60
2021-12-01,13:41:24.843775,86,49,64.00,30.70
2021-12-01,13:41:26.858391,87,51,64.00,30.70
2021-12-01,13:41:28.888774,87,52,64.00,30.70
2021-12-01,13:41:30.919259,87,49,64.00,30.70
2021-12-01,13:41:32.949792,87,53,64.00,30.70
2021-12-01,13:41:34.964248,85,54,64.00,30.70
2021-12-01,13:41:36.994478,87,53,64.00,30.70
2021-12-01,13:41:39.024941,88,48,64.00,30.70
2021-12-01,13:41:41.055247,85,51,64.00,30.70
2021-12-01,13:41:43.069752,87,54,64.00,30.70
2021-12-01,13:41:45.100145,85,53,64.00,30.70
2021-12-01,13:41:47.130393,88,48,64.00,30.70
2021-12-01,13:41:49.160685,88,48,64.00,30.70
2021-12-01,13:41:51.175125,85,53,64.00,30.80
2021-12-01,13:41:53.205473,88,53,64.00,30.80
2021-12-01,13:41:55.235855,88,53,64.00,30.80
2021-12-01,13:41:57.266328,88,54,64.00,30.80
2021-12-01,13:41:59.280955,89,49,64.00,30.80
2021-12-01,13:42:01.311302,87,54,64.00,30.80
2021-12-01,13:42:03.341658,87,52,64.00,30.80
2021-12-01,13:42:05.356178,85,51,64.00,30.80
2021-12-01,13:42:07.386631,88,51,64.00,30.80
2021-12-01,13:42:09.417141,85,51,64.00,30.80
2021-12-01,13:42:11.447694,85,50,64.00,30.80
2021-12-01,13:42:13.462357,88,53,64.00,30.80
2021-12-01,13:42:15.492747,85,50,64.00,30.80
2021-12-01,13:42:17.523144,88,54,64.00,30.80
2021-12-01,13:42:19.553620,85,49,64.00,30.80
2021-12-01,13:42:21.568080,88,49,64.00,30.80
2021-12-01,13:42:23.598605,86,49,64.00,30.80
2021-12-01,13:42:25.629062,89,53,64.00,30.80
2021-12-01,13:42:27.643592,89,51,64.00,30.80
2021-12-01,13:42:29.674053,89,54,64.00,30.80
2021-12-01,13:42:31.704562,88,50,64.00,30.80
2021-12-01,13:42:33.735077,85,49,64.00,30.80
2021-12-01,13:42:35.749621,89,54,64.00,30.80
2021-12-01,13:42:37.780226,89,54,64.00,30.80
2021-12-01,13:42:39.810753,88,53,64.00,30.80
2021-12-01,13:42:41.841310,88,49,64.00,30.80
2021-12-01,13:42:43.855871,89,51,64.00,30.80
2021-12-01,13:42:45.886241,88,51,64.00,30.80
2021-12-01,13:42:47.916767,87,53,64.00,30.80
2021-12-01,13:42:49.931486,87,49,64.00,30.80
2021-12-01,13:42:51.962033,85,53,64.00,30.80
2021-12-01,13:42:53.992380,89,53,64.00,30.80
2021-12-01,13:42:56.022787,89,50,64.00,30.80
2021-12-01,13:42:58.037390,87,51,64.00,30.80
2021-12-01,13:43:00.067830,89,54,64.00,30.80
2021-12-01,13:43:02.098348,89,54,64.00,30.80
2021-12-01,13:43:04.113083,89,54,64.00,30.80
2021-12-01,13:43:06.143702,86,52,64.00,30.80
2021-12-01,13:43:08.174069,85,49,64.00,30.80
2021-12-01,13:43:10.204656,87,50,64.00,30.80
2021-12-01,13:43:12.219155,89,54,64.00,30.80
2021-12-01,13:43:14.249729,89,53,64.00,30.80
2021-12-01,13:43:16.280234,89,53,64.00,30.90
2021-12-01,13:43:18.310838,89,54,65.00,30.90
2021-12-01,13:43:20.325533,85,49,65.00,30.90
2021-12-01,13:43:22.356051,89,54,65.00,30.90
2021-12-01,13:43:24.386522,88,50,65.00,30.90
2021-12-01,13:43:26.401236,87,50,65.00,30.90
2021-12-01,13:43:28.431594,88,53,65.00,31.00
2021-12-01,13:43:30.462160,89,52,65.00,31.00
2021-12-01,13:43:32.492619,85,50,65.00,31.00
2021-12-01,13:43:34.507233,86,49,65.00,31.00
2021-12-01,13:43:36.537761,88,53,65.00,31.00
2021-12-01,13:43:38.568307,89,53,65.00,31.00
2021-12-01,13:43:40.598854,88,53,65.00,31.00
2021-12-01,13:43:42.613551,87,50,65.00,31.00
2021-12-01,13:43:44.644066,87,50,65.00,31.00
2021-12-01,13:43:46.674641,88,52,65.00,31.00
2021-12-01,13:43:48.689331,89,52,64.00,31.00
2021-12-01,13:43:50.719892,89,54,64.00,31.00
2021-12-01,13:43:52.750399,85,49,65.00,31.00
2021-12-01,13:43:54.780976,88,53,64.00,31.00
2021-12-01,13:43:56.795676,89,54,64.00,31.00
2021-12-01,13:43:58.826207,85,49,64.00,31.00
2021-12-01,13:44:00.856780,89,54,64.00,31.00
2021-12-01,13:44:02.871612,86,49,64.00,31.00
2021-12-01,13:44:04.902059,88,53,64.00,31.00
2021-12-01,13:44:06.932616,86,51,64.00,31.00
2021-12-01,13:44:08.963138,85,50,64.00,31.00
2021-12-01,13:44:10.977704,86,49,64.00,31.00
2021-12-01,13:44:13.008336,87,51,64.00,31.00
2021-12-01,13:44:15.038878,86,53,64.00,31.00
2021-12-01,13:44:17.069439,87,53,64.00,31.00
2021-12-01,13:44:19.084082,88,52,64.00,31.00
2021-12-01,13:44:21.114613,90,54,64.00,31.00
2021-12-01,13:44:23.145076,85,49,64.00,31.00
2021-12-01,13:44:25.175606,85,49,64.00,31.00
2021-12-01,13:44:27.190372,87,50,64.00,31.00
2021-12-01,13:44:29.220933,88,54,64.00,31.00
2021-12-01,13:44:31.251440,89,53,64.00,31.00
2021-12-01,13:44:33.266177,89,54,64.00,31.00
2021-12-01,13:44:35.296733,89,53,64.00,31.00
2021-12-01,13:44:37.327173,87,53,64.00,31.00
2021-12-01,13:44:39.357738,85,50,64.00,31.00
2021-12-01,13:44:41.372318,90,54,64.00,31.00
2021-12-01,13:44:43.402949,86,51,64.00,31.00
2021-12-01,13:44:45.433432,86,51,64.00,31.00
2021-12-01,13:44:47.463929,88,53,65.00,31.00
2021-12-01,13:44:49.478622,90,54,65.00,31.00
2021-12-01,13:44:51.509128,90,54,65.00,31.00
2021-12-01,13:44:53.539643,88,54,65.00,31.00
2021-12-01,13:44:55.554378,86,51,65.00,31.00
2021-12-01,13:44:57.584743,86,52,65.00,31.00
2021-12-01,13:44:59.615286,85,51,65.00,31.00
2021-12-01,13:45:01.645923,90,53,65.00,31.00
2021-12-01,13:45:03.660513,90,54,65.00,31.00
2021-12-01,13:45:05.691050,88,52,65.00,31.00
2021-12-01,13:45:07.721591,87,51,65.00,31.00
2021-12-01,13:45:09.736257,89,54,65.00,31.00
2021-12-01,13:45:11.766935,89,53,65.00,31.00
2021-12-01,13:45:13.797562,87,52,65.00,31.00
2021-12-01,13:45:15.828099,88,53,65.00,31.00
2021-12-01,13:45:17.842723,90,53,65.00,31.00
2021-12-01,13:45:19.873227,90,54,65.00,31.00
2021-12-01,13:45:21.903730,90,53,65.00,31.00
2021-12-01,13:45:23.934182,89,54,65.00,31.00
2021-12-01,13:45:25.948843,90,54,65.00,31.00
2021-12-01,13:45:27.979432,86,51,65.00,31.00
2021-12-01,13:45:30.009899,88,54,65.00,31.00
2021-12-01,13:45:32.024635,89,51,65.00,31.00
2021-12-01,13:45:34.055491,90,52,65.00,31.00
2021-12-01,13:45:36.085697,86,50,65.00,31.00
2021-12-01,13:45:38.116267,90,54,65.00,31.00
2021-12-01,13:45:40.130870,89,52,65.00,31.00
2021-12-01,13:45:42.161377,87,53,65.00,31.00
2021-12-01,13:45:44.191927,87,52,65.00,31.00
2021-12-01,13:45:46.206645,90,53,65.00,31.00
2021-12-01,13:45:48.237148,90,54,65.00,31.00
2021-12-01,13:45:50.267721,88,53,65.00,31.00
2021-12-01,13:45:52.298397,90,55,65.00,31.00
2021-12-01,13:45:54.313195,89,53,65.00,31.00
2021-12-01,13:45:56.343704,86,50,65.00,31.00
2021-12-01,13:45:58.374245,90,54,65.00,31.00
2021-12-01,13:46:00.388895,86,51,65.00,31.00
2021-12-01,13:46:02.419349,86,50,65.00,31.00
2021-12-01,13:46:04.449991,86,51,65.00,31.00
2021-12-01,13:46:06.480517,89,54,65.00,31.00
2021-12-01,13:46:08.495190,90,54,65.00,31.00
2021-12-01,13:46:10.525833,89,51,65.00,31.00
2021-12-01,13:46:12.556462,90,54,65.00,31.00
2021-12-01,13:46:14.571131,89,54,65.00,31.00
2021-12-01,13:46:16.601748,90,55,65.00,31.00
2021-12-01,13:46:18.632370,89,53,65.00,31.00
2021-12-01,13:46:20.662955,86,50,65.00,31.00
2021-12-01,13:46:22.677616,87,51,65.00,31.00
2021-12-01,13:46:24.708158,86,50,65.00,31.00
2021-12-01,13:46:26.738689,88,53,65.00,31.00
2021-12-01,13:46:28.769207,89,54,65.00,31.00
2021-12-01,13:46:30.783967,86,51,65.00,31.00
2021-12-01,13:46:32.814504,89,53,65.00,31.00
2021-12-01,13:46:34.845291,89,54,65.00,31.00
2021-12-01,13:46:36.859803,89,50,65.00,31.00
2021-12-01,13:46:38.890418,88,51,65.00,31.00
2021-12-01,13:46:40.920979,87,50,65.00,31.00
2021-12-01,13:46:42.951640,90,54,65.00,31.00
2021-12-01,13:46:44.966202,87,50,65.00,31.00
2021-12-01,13:46:46.996875,87,50,65.00,31.00
2021-12-01,13:46:49.027384,90,54,65.00,31.00
2021-12-01,13:46:51.042245,90,54,65.00,31.00
2021-12-01,13:46:53.072762,88,52,65.00,31.00
2021-12-01,13:46:55.103246,90,54,65.00,31.00
2021-12-01,13:46:57.133824,89,54,65.00,31.00
2021-12-01,13:46:59.148427,88,50,65.00,31.00
2021-12-01,13:47:01.178972,90,55,65.00,31.00
2021-12-01,13:47:03.209614,90,54,65.00,31.00
2021-12-01,13:47:05.224215,91,55,65.00,31.00
2021-12-01,13:47:07.254870,86,50,65.00,31.00
2021-12-01,13:47:09.285342,90,54,65.00,31.00
2021-12-01,13:47:11.315956,86,50,65.00,31.00
2021-12-01,13:47:13.330572,89,52,65.00,31.00
2021-12-01,13:47:15.361016,90,54,65.00,31.00
2021-12-01,13:47:17.391571,91,54,65.00,31.00
2021-12-01,13:47:19.422210,87,50,65.00,31.00
2021-12-01,13:47:21.436875,88,52,65.00,31.00
2021-12-01,13:47:23.467395,90,55,65.00,31.00
2021-12-01,13:47:25.497956,91,55,65.00,31.00
2021-12-01,13:47:27.512518,90,55,65.00,31.00
2021-12-01,13:47:29.543150,87,54,65.00,31.00
2021-12-01,13:47:31.573641,89,52,65.00,31.00
2021-12-01,13:47:33.604214,90,54,65.00,31.00
2021-12-01,13:47:35.618915,87,52,65.00,31.10
2021-12-01,13:47:37.649499,87,52,65.00,31.00
2021-12-01,13:47:39.680037,87,51,65.00,31.10
2021-12-01,13:47:41.694694,87,52,66.00,31.10
2021-12-01,13:47:43.725278,87,50,66.00,31.10
2021-12-01,13:47:45.755904,87,51,66.00,31.10
2021-12-01,13:47:47.786419,90,53,66.00,31.10
2021-12-01,13:47:49.801162,90,55,66.00,31.10
2021-12-01,13:47:51.831755,89,53,66.00,31.10
2021-12-01,13:47:53.862341,87,51,66.00,31.10
2021-12-01,13:47:55.892921,90,54,66.00,31.10
2021-12-01,13:47:57.907661,90,54,66.00,31.10
2021-12-01,13:47:59.938312,87,50,66.00,31.10
2021-12-01,13:48:01.982677,89,54,66.00,31.10
2021-12-01,13:48:03.983724,87,51,66.00,31.10
2021-12-01,13:48:06.014284,91,55,66.00,31.10
2021-12-01,13:48:08.044872,90,55,66.00,31.10
2021-12-01,13:48:10.075348,91,55,66.00,31.10
2021-12-01,13:48:12.090092,87,50,66.00,31.10
2021-12-01,13:48:14.120667,89,54,66.00,31.10
2021-12-01,13:48:16.151279,91,55,66.00,31.10
2021-12-01,13:48:18.181907,91,55,66.00,31.10
2021-12-01,13:48:20.196671,89,54,66.00,31.10
2021-12-01,13:48:22.227129,90,54,66.00,31.10
2021-12-01,13:48:24.257703,87,51,66.00,31.10
2021-12-01,13:48:26.272406,91,55,66.00,31.10
2021-12-01,13:48:28.303030,87,51,66.00,31.10
2021-12-01,13:48:30.333620,90,52,66.00,31.10
2021-12-01,13:48:32.364236,91,55,66.00,31.10
2021-12-01,13:48:34.378928,90,53,66.00,31.10
2021-12-01,13:48:36.409495,90,55,66.00,31.10
2021-12-01,13:48:38.440126,88,50,66.00,31.10
2021-12-01,13:48:40.470733,90,55,66.00,31.10
2021-12-01,13:48:42.485510,90,54,66.00,31.10
2021-12-01,13:48:44.516219,87,51,66.00,31.10
2021-12-01,13:48:46.546796,89,54,66.00,31.10
2021-12-01,13:48:48.561502,88,51,66.00,31.10
2021-12-01,13:48:50.592162,87,52,66.00,31.10
2021-12-01,13:48:52.622778,88,54,66.00,31.10
2021-12-01,13:48:54.653370,90,54,66.00,31.10
2021-12-01,13:48:56.668116,90,52,66.00,31.10
2021-12-01,13:48:58.698729,91,55,66.00,31.10
2021-12-01,13:49:00.729334,89,52,66.00,31.10
2021-12-01,13:49:02.759784,90,55,66.00,31.10
2021-12-01,13:49:04.774427,91,54,66.00,31.10
2021-12-01,13:49:06.805025,91,55,66.00,31.10
2021-12-01,13:49:08.835595,87,51,66.00,31.10
2021-12-01,13:49:10.850427,90,55,66.00,31.10
2021-12-01,13:49:12.880953,90,54,66.00,31.10
2021-12-01,13:49:14.911561,90,53,66.00,31.10
2021-12-01,13:49:16.942130,88,53,66.00,31.10
2021-12-01,13:49:18.956778,91,55,66.00,31.10
2021-12-01,13:49:20.987375,87,51,66.00,31.10
2021-12-01,13:49:23.017953,90,55,66.00,31.10
2021-12-01,13:49:25.048592,91,55,66.00,31.10
2021-12-01,13:49:27.063341,91,55,66.00,31.10
2021-12-01,13:49:29.093972,90,55,66.00,31.10
2021-12-01,13:49:31.124583,90,54,66.00,31.10
2021-12-01,13:49:33.139249,88,53,66.00,31.10
2021-12-01,13:49:35.169945,88,51,66.00,31.10
2021-12-01,13:49:37.200417,91,55,66.00,31.10
2021-12-01,13:49:39.231032,90,54,66.00,31.20
2021-12-01,13:49:41.245761,87,51,66.00,31.10
2021-12-01,13:49:43.276267,88,53,66.00,31.20
2021-12-01,13:49:45.306843,89,53,66.00,31.20
2021-12-01,13:49:47.337376,91,55,66.00,31.20
2021-12-01,13:49:49.352063,89,53,66.00,31.20
2021-12-01,13:49:51.382716,91,54,66.00,31.20
2021-12-01,13:49:53.413255,87,53,66.00,31.20
2021-12-01,13:49:55.427948,89,54,66.00,31.20
2021-12-01,13:49:57.458512,88,51,66.00,31.10
2021-12-01,13:49:59.489122,89,52,66.00,31.10
2021-12-01,13:50:01.519677,90,55,66.00,31.20
2021-12-01,13:50:03.534470,91,55,66.00,31.20
2021-12-01,13:50:05.565063,89,51,66.00,31.10
2021-12-01,13:50:07.595653,90,52,66.00,31.20
2021-12-01,13:50:09.626366,88,51,66.00,31.20
2021-12-01,13:50:11.641106,90,55,66.00,31.20
2021-12-01,13:50:13.671700,90,54,66.00,31.20
2021-12-01,13:50:15.702220,90,52,66.00,31.20
2021-12-01,13:50:17.716989,89,51,66.00,31.20
2021-12-01,13:50:19.747469,89,51,66.00,31.20
2021-12-01,13:50:21.777956,88,51,66.00,31.20
2021-12-01,13:50:23.808527,90,54,66.00,31.20
2021-12-01,13:50:25.823386,89,51,66.00,31.20
2021-12-01,13:50:27.853880,89,53,66.00,31.20
2021-12-01,13:50:29.884520,90,55,66.00,31.20
2021-12-01,13:50:31.915060,92,55,66.00,31.20
2021-12-01,13:50:33.929732,90,56,66.00,31.10
2021-12-01,13:50:35.960298,90,56,66.00,31.10
2021-12-01,13:50:37.990788,88,54,66.00,31.10
2021-12-01,13:50:40.005421,90,52,66.00,31.10
2021-12-01,13:50:42.035981,89,55,66.00,31.10
2021-12-01,13:50:44.066510,92,53,66.00,31.10
2021-12-01,13:50:46.096994,88,53,66.00,31.10
2021-12-01,13:50:48.111681,91,53,66.00,31.10
2021-12-01,13:50:50.142270,89,52,66.00,31.10
2021-12-01,13:50:52.172895,92,53,66.00,31.10
2021-12-01,13:50:54.203374,90,51,66.00,31.10
2021-12-01,13:50:56.217948,89,51,66.00,31.10
2021-12-01,13:50:58.248527,92,56,66.00,31.10
2021-12-01,13:51:00.279179,88,54,66.00,31.10
2021-12-01,13:51:02.309642,91,51,66.00,31.10
2021-12-01,13:51:04.324304,90,52,66.00,31.10
2021-12-01,13:51:06.354887,91,56,66.00,31.10
2021-12-01,13:51:08.385444,88,55,66.00,31.10
2021-12-01,13:51:10.400123,92,53,66.00,31.10
2021-12-01,13:51:12.430675,90,51,66.00,31.10
2021-12-01,13:51:14.461202,92,56,66.00,31.10
2021-12-01,13:51:16.491779,91,53,66.00,31.10
2021-12-01,13:51:18.506413,92,53,66.00,31.10
2021-12-01,13:51:20.536990,91,53,66.00,31.10
2021-12-01,13:51:22.567625,90,51,66.00,31.10
2021-12-01,13:51:24.598167,90,56,66.00,31.10
2021-12-01,13:51:26.612909,88,55,66.00,31.10
2021-12-01,13:51:28.643496,91,56,66.00,31.10
2021-12-01,13:51:30.674165,88,53,66.00,31.10
2021-12-01,13:51:32.688972,92,56,66.00,31.10
2021-12-01,13:51:34.719514,92,56,67.00,31.10
2021-12-01,13:51:36.750210,89,51,67.00,31.10
2021-12-01,13:51:38.780721,92,56,67.00,31.10
2021-12-01,13:51:40.795513,90,51,67.00,31.10
2021-12-01,13:51:42.826027,89,56,67.00,31.10
2021-12-01,13:51:44.856658,91,56,67.00,31.10
2021-12-01,13:51:46.887135,92,53,67.00,31.10
2021-12-01,13:51:48.901904,89,51,67.00,31.10
2021-12-01,13:51:50.932579,89,53,67.00,31.10
2021-12-01,13:51:52.963133,92,56,67.00,31.10
2021-12-01,13:51:54.977821,92,56,67.00,31.10
2021-12-01,13:51:57.008768,91,53,67.00,31.10
2021-12-01,13:51:59.038975,92,54,67.00,31.10
2021-12-01,13:52:01.069567,92,55,67.00,31.10
2021-12-01,13:52:03.084210,92,56,67.00,31.10
2021-12-01,13:52:05.114741,92,55,67.00,31.10
2021-12-01,13:52:07.145315,92,56,67.00,31.10
2021-12-01,13:52:09.175925,90,56,67.00,31.10
2021-12-01,13:52:11.190589,91,53,67.00,31.10
2021-12-01,13:52:13.221232,92,56,67.00,31.10
2021-12-01,13:52:15.251848,89,53,67.00,31.20
2021-12-01,13:52:17.282411,92,55,67.00,31.10
2021-12-01,13:52:19.297292,92,56,67.00,31.20
2021-12-01,13:52:21.327899,90,56,67.00,31.10
2021-12-01,13:52:23.358601,89,55,67.00,31.20
2021-12-01,13:52:25.373227,89,51,67.00,31.20
2021-12-01,13:52:27.403888,92,55,67.00,31.20
2021-12-01,13:52:29.434480,92,55,67.00,31.20
2021-12-01,13:52:31.465049,89,54,67.00,31.20
2021-12-01,13:52:33.479875,93,53,67.00,31.20
2021-12-01,13:52:35.510491,92,56,67.00,31.20
2021-12-01,13:52:37.541123,92,56,67.00,31.20
2021-12-01,13:52:39.571702,89,53,67.00,31.20
2021-12-01,13:52:41.586435,88,53,67.00,31.20
2021-12-01,13:52:43.617205,89,52,67.00,31.20
2021-12-01,13:52:45.647766,89,52,67.00,31.20
2021-12-01,13:52:47.662616,89,52,67.00,31.20
2021-12-01,13:52:49.693223,92,53,67.00,31.20
2021-12-01,13:52:51.723794,92,56,67.00,31.20
2021-12-01,13:52:53.754383,92,56,67.00,31.20
2021-12-01,13:52:55.769120,91,57,67.00,31.20
2021-12-01,13:52:57.799845,92,57,67.00,31.20
2021-12-01,13:52:59.830478,93,56,67.00,31.20
2021-12-01,13:53:01.861027,92,56,67.00,31.20
2021-12-01,13:53:03.875791,92,54,67.00,31.20
2021-12-01,13:53:05.906446,89,54,67.00,31.20
2021-12-01,13:53:07.937028,92,56,67.00,31.20
2021-12-01,13:53:09.967731,89,55,67.00,31.20
2021-12-01,13:53:11.982394,90,56,67.00,31.20
2021-12-01,13:53:14.013028,90,56,67.00,31.20
2021-12-01,13:53:16.043654,92,56,67.00,31.20
2021-12-01,13:53:18.058373,92,56,67.00,31.20
2021-12-01,13:53:20.088933,91,52,67.00,31.20
2021-12-01,13:53:22.119574,92,56,67.00,31.20
2021-12-01,13:53:24.150250,92,54,67.00,31.20
2021-12-01,13:53:26.165108,92,54,67.00,31.20
2021-12-01,13:53:28.195651,89,54,67.00,31.30
2021-12-01,13:53:30.226319,89,54,67.00,31.30
2021-12-01,13:53:32.256907,92,54,67.00,31.20
2021-12-01,13:53:34.271806,90,52,67.00,31.20
2021-12-01,13:53:36.302355,92,56,67.00,31.20
2021-12-01,13:53:38.333018,93,53,67.00,31.20
2021-12-01,13:53:40.347795,90,54,67.00,31.20
2021-12-01,13:53:42.378543,91,57,67.00,31.30
2021-12-01,13:53:44.409329,89,56,67.00,31.20
2021-12-01,13:53:46.439875,93,54,67.00,31.20
2021-12-01,13:53:48.454640,93,56,67.00,31.30
2021-12-01,13:53:50.485335,92,57,67.00,31.30
2021-12-01,13:53:52.516022,92,52,67.00,31.30
2021-12-01,13:53:54.546548,93,55,67.00,31.30
2021-12-01,13:53:56.561336,93,54,67.00,31.30
2021-12-01,13:53:58.592047,90,57,67.00,31.30
2021-12-01,13:54:00.622698,90,54,67.00,31.30
2021-12-01,13:54:02.637407,93,56,67.00,31.30
2021-12-01,13:54:04.667963,92,57,67.00,31.30
2021-12-01,13:54:06.698588,89,54,67.00,31.30
2021-12-01,13:54:08.729275,92,57,67.00,31.30
2021-12-01,13:54:10.744018,89,55,67.00,31.30
2021-12-01,13:54:12.774711,93,54,67.00,31.30
2021-12-01,13:54:14.805291,89,56,67.00,31.30
2021-12-01,13:54:16.835776,90,57,67.00,31.30
2021-12-01,13:54:18.850504,89,56,67.00,31.30
2021-12-01,13:54:20.881201,93,54,67.00,31.30
2021-12-01,13:54:22.911835,90,53,67.00,31.30
2021-12-01,13:54:24.942376,93,55,67.00,31.30
2021-12-01,13:54:26.957134,89,56,67.00,31.30
2021-12-01,13:54:28.987784,91,52,67.00,31.30
2021-12-01,13:54:31.018448,93,56,67.00,31.30
2021-12-01,13:54:33.033203,93,55,67.00,31.30
2021-12-01,13:54:35.063957,92,57,67.00,31.30
2021-12-01,13:54:37.094512,91,52,67.00,31.30
2021-12-01,13:54:39.125122,89,55,67.00,31.30
2021-12-01,13:54:41.139910,93,55,67.00,31.30
2021-12-01,13:54:43.170495,93,56,67.00,31.30
2021-12-01,13:54:45.201163,92,52,67.00,31.30
2021-12-01,13:54:47.231737,92,52,67.00,31.30
2021-12-01,13:54:49.246432,93,55,67.00,31.30
2021-12-01,13:54:51.277008,90,52,67.00,31.30
2021-12-01,13:54:53.307616,93,56,67.00,31.30
2021-12-01,13:54:55.338232,93,56,68.00,31.30
2021-12-01,13:54:57.352952,93,54,68.00,31.30

2021-12-02,14:01:47.723485,\x00\x00Date,Time,AirQuality,CO,Humidity,Temperature
2021-12-02,14:01:50.316646,203,162,66.00,28.70
2021-12-02,14:01:50.384345,196,159,66.00,28.70
2021-12-02,14:01:52.331244,195,157,66.00,28.70
2021-12-02,14:01:54.346709,193,154,66.00,28.70
2021-12-02,14:01:56.377347,193,151,66.00,28.70
2021-12-02,14:01:58.407996,192,152,66.00,28.70
2021-12-02,14:37:08.177010,\x00\x00Date,Time,AirQuality,CO,Humidity,Temperature
2021-12-02,14:37:10.798789,184,145,67.00,28.50
2021-12-02,14:37:10.874857,183,140,67.00,28.50
2021-12-02,14:37:12.813865,180,136,67.00,28.50
2021-12-02,14:37:14.829160,175,138,67.00,28.50
2021-12-02,14:37:16.860363,176,133,67.00,28.50
2021-12-02,14:37:18.891488,172,135,67.00,28.50
2021-12-02,14:37:20.906770,175,135,67.00,28.50
2021-12-02,14:37:22.937987,173,130,67.00,28.50
2021-12-02,14:37:24.969196,173,133,67.00,28.50
2021-12-02,14:37:26.984520,170,128,67.00,28.50
2021-12-02,14:37:29.015642,169,132,67.00,28.50
2021-12-02,14:37:31.046956,167,131,67.00,28.50
2021-12-02,14:37:33.062186,169,129,67.00,28.50
2021-12-02,14:37:35.093373,167,128,67.00,28.50
2021-12-02,14:37:37.124516,164,127,67.00,28.50
2021-12-02,14:37:39.155738,166,128,67.00,28.50
2021-12-02,14:37:41.171004,164,128,67.00,28.50
2021-12-02,14:37:43.202277,164,128,67.00,28.50
2021-12-02,14:37:45.233443,164,124,67.00,28.50
2021-12-02,14:37:47.248773,164,126,67.00,28.50
2021-12-02,14:37:49.280023,160,123,67.00,28.50
2021-12-02,14:37:51.311203,160,122,67.00,28.50
2021-12-02,14:37:53.326463,162,125,67.00,28.50
2021-12-02,14:37:55.357754,157,119,67.00,28.50
2021-12-02,14:37:57.388974,160,123,67.00,28.50
2021-12-02,14:37:59.420108,161,120,67.00,28.50
2021-12-02,14:38:01.435409,160,123,67.00,28.50
2021-12-02,15:08:28.371253,\x00\x00Date,Time,AirQuality,CO,Humidity,Temperature
2021-12-02,15:08:30.991280,158,124,69.00,28.20
2021-12-02,15:08:31.047282,160,119,69.00,28.20
2021-12-02,15:08:33.004958,157,121,69.00,28.20
2021-12-02,15:08:35.019543,156,123,69.00,28.20
2021-12-02,15:08:37.066158,158,118,69.00,28.20
2021-12-02,15:08:39.079575,158,120,69.00,28.20
2021-12-02,15:08:41.109983,153,122,69.00,28.20
2021-12-02,15:08:43.124225,154,121,69.00,28.20
2021-12-02,15:08:45.154549,157,117,69.00,28.20
2021-12-02,15:08:47.184890,156,115,69.00,28.20
2021-12-02,15:08:49.214678,154,118,69.00,28.20
2021-12-02,15:08:51.229201,154,117,69.00,28.20
2021-12-02,15:08:53.259312,151,121,69.00,28.20
2021-12-02,15:08:55.289467,154,117,69.00,28.20
2021-12-02,15:08:57.320166,153,117,69.00,28.20
2021-12-02,15:08:59.335483,149,119,69.00,28.20
2021-12-02,15:09:01.365528,153,118,69.00,28.20
2021-12-02,15:09:03.397684,151,116,69.00,28.20
2021-12-02,15:09:05.427403,150,118,69.00,28.20
2021-12-02,15:09:07.444068,153,113,69.00,28.20
2021-12-02,15:09:09.485408,152,114,69.00,28.20
2021-12-02,15:09:11.503656,149,117,69.00,28.20
2021-12-02,15:09:13.534210,152,116,69.00,28.20
2021-12-02,15:09:15.550481,151,115,69.00,28.20
2021-12-02,15:09:17.579710,152,114,69.00,28.20
2021-12-02,15:09:19.610584,147,117,69.00,28.20
2021-12-02,15:09:21.640692,147,115,69.00,28.30
2021-12-02,15:09:23.656072,151,112,69.00,28.30
2021-12-02,15:09:25.687120,150,113,69.00,28.30
2021-12-02,15:09:27.722102,148,117,69.00,28.30
2021-12-02,15:09:29.732862,150,112,69.00,28.30
2021-12-02,15:09:31.762871,145,116,69.00,28.30
2021-12-02,15:09:33.792428,149,111,69.00,28.30
2021-12-02,15:09:35.822479,147,116,69.00,28.30
2021-12-02,15:09:37.837362,150,113,69.00,28.30
2021-12-02,15:09:39.868262,150,112,69.00,28.30
2021-12-02,15:09:41.898614,146,116,69.00,28.30
2021-12-02,15:09:43.929692,149,111,69.00,28.30
2021-12-02,15:09:45.944241,147,115,69.00,28.30
2021-12-02,15:09:47.975044,148,115,69.00,28.30
2021-12-02,15:09:50.006166,144,115,69.00,28.30
2021-12-02,15:09:52.020682,147,109,69.00,28.30
2021-12-02,15:09:54.051825,148,115,69.00,28.30
2021-12-02,15:09:56.084006,148,113,69.00,28.30
2021-12-02,15:09:58.115802,144,113,69.00,28.30
2021-12-02,15:10:00.131725,148,113,69.00,28.30
2021-12-02,15:10:02.161807,143,114,69.00,28.30
2021-12-02,15:10:04.192859,148,114,69.00,28.40
2021-12-02,15:10:06.208051,144,114,69.00,28.40
2021-12-02,15:10:08.238622,148,110,69.00,28.40
2021-12-02,15:10:10.268629,146,114,69.00,28.40
2021-12-02,15:10:12.299235,145,115,69.00,28.40
2021-12-02,15:10:14.316050,146,114,69.00,28.40
2021-12-02,15:10:16.345983,145,114,69.00,28.40
2021-12-02,15:10:18.376142,148,110,69.00,28.40
2021-12-02,15:10:20.406679,144,114,69.00,28.40
2021-12-02,15:10:22.422077,146,112,69.00,28.40
2021-12-02,15:10:24.452510,144,115,69.00,28.40
2021-12-02,15:10:26.483301,144,114,69.00,28.40
2021-12-02,15:10:28.499025,142,111,69.00,28.40
2021-12-02,15:10:30.530699,142,114,69.00,28.40
2021-12-02,15:10:32.560663,145,114,69.00,28.40
2021-12-02,15:10:34.590942,146,114,69.00,28.40
2021-12-02,15:10:36.606971,145,114,69.00,28.40
2021-12-02,15:10:38.637753,141,108,69.00,28.40
2021-12-02,15:10:40.668933,145,114,69.00,28.40
2021-12-02,15:10:42.685193,145,114,69.00,28.40
2021-12-02,15:10:44.716610,144,108,69.00,28.40
2021-12-02,15:10:46.746690,144,109,69.00,28.40
2021-12-02,15:10:48.763244,146,113,69.00,28.40
2021-12-02,15:10:50.791146,146,112,69.00,28.40
2021-12-02,15:10:52.821764,145,112,69.00,28.40
2021-12-02,15:10:54.854135,146,111,69.00,28.40
2021-12-02,15:10:56.869818,145,112,69.00,28.40
2021-12-02,15:10:58.900130,145,108,69.00,28.40
2021-12-02,15:11:00.930921,141,114,69.00,28.40
2021-12-02,15:11:02.961409,144,113,69.00,28.40
2021-12-02,15:11:04.977882,141,112,69.00,28.40
2021-12-02,15:11:07.007922,145,112,69.00,28.40
2021-12-02,15:11:09.038604,143,110,69.00,28.40
2021-12-02,15:11:11.054809,143,108,69.00,28.40
2021-12-02,15:11:13.086333,142,111,69.00,28.40
2021-12-02,15:11:15.116330,140,107,69.00,28.40
2021-12-02,15:11:17.132418,140,109,69.00,28.40
2021-12-02,15:11:19.163655,139,107,69.00,28.40
2021-12-02,15:11:21.194284,139,108,69.00,28.40
2021-12-02,15:11:23.225136,144,111,69.00,28.40
2021-12-02,15:11:25.239964,144,113,69.00,28.40
2021-12-02,15:11:27.272398,143,113,69.00,28.40
2021-12-02,15:11:29.332440,144,109,69.00,28.40
2021-12-02,15:11:31.317408,144,113,69.00,28.50
2021-12-02,15:11:33.349144,143,108,69.00,28.50
2021-12-02,15:11:35.381311,146,110,69.00,28.50
2021-12-02,15:11:37.395915,147,114,69.00,28.50
2021-12-02,15:11:39.427668,144,112,69.00,28.50
2021-12-02,15:11:41.459539,145,113,69.00,28.50
2021-12-02,15:11:43.489954,140,108,69.00,28.50
2021-12-02,15:11:45.505985,139,107,69.00,28.50
2021-12-02,15:11:47.536860,144,112,69.00,28.50